{
  "tyres": [
    [
      {
        "id": 3,
        "description": "sam",
        "stockQuantity": 10,
        "unitPrice": 101
      },
      {
        "id": 1,
        "description": "san",
        "stockQuantity": 20,
        "unitPrice": 104
      },
      {
        "id": 3,
        "description": "sal",
        "stockQuantity": 30,
        "unitPrice": 107
      },
      {
        "id": 5,
        "description": "sasa",
        "stockQuantity": 40,
        "unitPrice": 110
      }
    ]
  ]
}